{"web":{"client_id":"297791646454-9ognpot0lo7on4aolnqnbu9ou3stsio1.apps.googleusercontent.com","project_id":"menu-app-238508","auth_uri":"https://accounts.google.com/o/oauth2/auth","token_uri":"https://oauth2.googleapis.com/token","auth_provider_x509_cert_url":"https://www.googleapis.com/oauth2/v1/certs","client_secret":"t3IcZwLnFlCz-zteu033xm1B","redirect_uris":["http://localhost:5000/login","http://localhost:5000/gconnect"],"javascript_origins":["http://localhost:5000","http://localhost:8000"]}}